Index,KnowledgeGraphId,Name,PositiveSegmentCount,TotalSegmentCount
3,/m/01jddz,Concert,181,240
7,/m/0k4j,Car,159,246
8,/m/026bk,Dance,200,245
11,/m/02wbm,Food,121,247
12,/m/02vx4,Association football,152,249
17,/m/0410tth,Motorsport,126,229
18,/m/068hy,Pet,108,238
19,/m/0dfbw,Racing,138,243
21,/m/050k8,Mobile phone,169,245
22,/m/01mtb,Cooking,90,250
23,/m/0169zh,Smartphone,187,240
28,/m/02hnl,Drum kit,186,239
31,/m/05r5c,Piano,198,249
30,/m/04_sv,Motorcycle,178,247
32,/m/02q08p0,Dish (food),77,248
33,/m/026t6,Drum,198,245
34,/m/042v_gx,Acoustic guitar,176,241
41,/m/0l14jd,Choir,191,250
43,/m/094jc,Fishing,105,248
45,/m/07jdr,Train,200,244
46,/m/05czz6l,Airplane,175,241
48,/m/012mq4,Sports car,194,240
53,/m/01sgl,Cycling,119,249
54,/m/05pd6,Orchestra,136,244
52,/m/018w8,Basketball,184,249
55,/m/025sn53,Motorcycling,162,240
58,/m/0199g,Bicycle,156,244
59,/m/0ch_cf,Fish,146,242
60,/m/05b0n7k,Outdoor recreation,172,244
61,/m/02dsz,Disc jockey,105,247
65,/m/0ds4x,Hairstyle,129,250
68,/m/06zfw,Skateboarding,157,242
73,/m/027lnzs,IPhone,86,234
71,/m/081hv,Wedding,80,237
74,/m/0643t,Personal computer,88,241
75,/m/07r04,Truck,153,237
76,/m/019jd,Boat,147,241
77,/m/01g50p,Railroad car,185,244
80,/m/02csf,Drawing,166,250
83,/m/013xlm,Tractor,155,246
90,/m/02mk9,Engine,137,238
88,/m/03jm5,House,177,235
89,/m/0hr5k,Festival,114,229
92,/m/01cgz,Boxing,125,247
95,/m/02988_,Four-wheel drive,176,215
100,/m/0c4f_,Weight training,112,250
101,/m/03qc82_,Recreational fishing,190,250
99,/m/01vq3,Christmas,72,224
104,/m/0kw6d,Driving,170,244
105,/m/07_tb,Video game console,110,248
109,/m/01hh79,Landing,36,223
113,/m/0l8fl,Model aircraft,159,241
112,/m/0f4s2w,Vegetable,148,241
115,/m/0hnbsn3,Samsung Galaxy,118,233
116,/m/0ctrp,Sport utility vehicle,163,234
118,/m/03mr6,Hockey,200,250
120,/m/0dxrf,,96,243
121,/m/025zp2s,Eye shadow,170,244
123,/m/0270h,Dessert,44,169
125,/m/012xhn,Slam dunk,143,246
127,/m/05qdh,Painting,138,245
131,/m/0bh9flk,Tablet computer,184,245
128,/m/04yr41,Drifting (motorsport),141,244
129,/m/0dr19,Rallying,181,244
130,/m/04ndr,Lego,191,243
137,/m/04h5c,Locomotive,161,247
141,/m/010jjr,Amusement park,118,186
143,/m/01lp7f,Motocross,173,246
145,/m/09cjl,Airport,121,241
148,/m/06rrc,Shoe,189,250
152,/m/0ltfs,Bride,168,239
151,/m/01gl72,Skatepark,200,248
156,/m/027x0j,Mascara,70,249
155,/m/015y8h,Jet aircraft,172,240
158,/m/0dv5r,Camera,146,244
160,/m/071k0,Skiing,126,239
164,/m/09x9g,Marching band,187,249
163,/m/0_mjp,Mountain bike,167,244
169,/m/037b2q,Sasuke Uchiha,102,233
170,/m/01yrx,Cat,199,250
172,/m/0cvq3,Pickup truck,131,230
171,/m/021mp2,Sedan (automobile),144,224
173,/m/04scj,Meat,129,235
174,/m/017yh,BMW,112,184
175,/m/063r3,Parade,125,246
176,/m/0fszt,Cake,57,249
178,/m/0149r,Aquarium,191,248
182,/m/06_g7,Surfing,171,245
184,/m/06ht1,Room,178,248
186,/m/09ct_,Helicopter,190,250
188,/m/06ncr,Saxophone,175,239
187,/m/01c648,Laptop,191,246
192,/m/02plp2,Xbox 360,25,240
191,/m/03pty,Hotel,108,208
190,/m/02rc4d,Goku,148,239
194,/m/0167gd,Doll,166,245
197,/m/07ywl,Volkswagen,82,213
196,/m/05nj_s,Exhaust system,123,249
198,/m/01cmcs,Hatchback,130,225
201,/m/09l9f,Carnival,150,231
202,/m/06c7f7,Lipstick,89,248
200,/m/01m3v,Computer,143,244
199,/m/017h86,Action figure,123,162
205,/m/06zdj,School,90,233
204,/m/07656,Sonic the Hedgehog (character),163,245
209,/m/09rvlp4,IPad,86,235
207,/m/0fg019,Eye liner,136,240
206,/m/0d6n1,Ballet,109,234
210,/m/06h7j,Running,119,250
213,/m/01d1dj,Coupé,147,230
214,/m/09rgp,Road bicycle,192,248
220,/m/034v_,Gardening,102,246
218,/m/01bjv,Bus,180,233
217,/m/05rj2,Playing card,177,246
226,/m/07bs0,Tennis,167,245
227,/m/06q74,Ship,153,242
231,/m/09qgm,Snowboarding,158,246
232,/m/019tzd,Mountain biking,165,242
229,/m/0271t,Drink,161,243
233,/m/025t5bz,Rouge (cosmetics),63,243
235,/m/0h5y1j0,,74,205
237,/m/019cfy,Stadium,198,246
244,/m/01fzz2,Pony,140,246
240,/m/0hbfd,Kickflip,126,250
249,/m/01f4cc,Manicure,164,243
246,/m/07c52,Television,141,243
248,/m/0b3yr,Beach,159,247
239,/m/09p5m,Hunting,46,240
250,/m/020vl,Chocolate,105,243
245,/m/0r4_kmc,PlayStation 4,26,238
255,/m/010l12,Roller coaster,160,245
253,/m/09kjlm,Sneakers,193,239
256,/m/027mn6z,Afro-textured hair,161,249
261,/m/0397w,Gymnastics,198,244
259,/m/06fgw,Robot,153,244
263,/m/070kp2,Diatonic button accordion,189,246
262,/m/0g8p9,Farm,178,244
266,/m/052mx,Mercedes-Benz,120,204
267,/m/09xzd,Chevrolet,89,201
268,/m/01d5g,Batman,98,246
269,/m/0cfpc,Loudspeaker,181,249
271,/m/0lwkh,Nike,125,229
276,/m/0bl0l,Garden,128,239
273,/m/071p9,Ski,180,244
277,/m/05y4t,Paint,152,250
274,/m/09kjpq,Underwater diving,121,245
278,/m/01xqw,Cello,185,248
279,/m/0dw7n,Digital camera,174,245
280,/m/0dmq2,Scooter (motorcycle),172,235
288,/m/0mcx2,IPod,79,228
291,/m/07j7r,Tree,175,249
295,/m/0py27,Train station,97,239
294,/m/0vphbfj,Xbox One,54,246
293,/m/01d40f,Dress,161,244
297,/m/03_qm,Jeep,78,194
296,/m/012n4x,Firefighter,167,248
300,/m/0l14j_,Flute,166,245
299,/m/02dkrm,Resort,109,237
303,/m/0f25w9,Chicken as food,64,180
302,/m/02xwb,Fruit,152,248
304,/m/04ctx,Knife,187,248
305,/m/0r4kr10,Dashcam,200,244
313,/m/0cgh4,Building,105,240
307,/m/0d4wf,Kitchen,160,233
311,/m/0b_rs,Swimming pool,180,245
310,/m/0g6b5,Fireworks,184,250
312,/m/06bqd,Rugby football,159,235
316,/m/0h5wtyy,,122,203
318,/m/0jxxt,Horse racing,178,243
321,/m/0fkw3,Flour,96,242
322,/m/02z6z4v,IPod Touch,98,223
331,/m/0t_fv9h,Xbox,37,245
333,/m/0by3w,Jumping,104,250
329,/m/036vg6,Wrestling,167,247
330,/m/07gql,Trumpet,153,246
334,/m/01x9mn,Dough,83,245
343,/m/0gjkl,Watch,188,246
349,/m/02x8rd,PlayStation Portable,88,246
340,/m/08zvcl,Enduro,202,247
344,/m/0k50,Audi,125,209
348,/m/013y1f,Organ (music),173,249
358,/m/0bmjxs9,Nintendo 3DS,89,238
347,/m/01jnzj,Construction,138,248
359,/m/02_41,Fire,108,240
355,/m/01hk87,Braid,118,242
361,/m/0466q6s,BMW Motorrad,60,210
360,/m/06z6r,Human swimming,165,250
364,/m/01nblt,Apartment,120,208
365,/m/0d1t3,Dressage,175,236
368,/m/01f5gx,Eating,39,250
369,/m/048fg,Kickboxing,124,240
366,/m/04njq1,Scuba diving,91,242
370,/m/033cnk,Egg as food,71,249
374,/m/039j4m,Fishing lure,89,249
380,/m/03f6tq,Living room,117,248
373,/m/0qk4n,Ford Mustang,92,231
385,/m/04fdw,Kayak,180,249
384,/m/01k32j,Gohan,139,236
388,/m/09qqq,Wall,201,248
389,/m/01wb7,Church (building),126,228
382,/m/0n5v01m,Bag,184,248
393,/m/05qnqx,Concealer,73,236
381,/m/099md,Soldier,186,246
390,/m/0mz8t,Sewing,81,250
394,/m/02b9x,Drag racing,132,227
399,/m/01xsb3,Classic car,187,240
397,/m/09b5t,Chicken,85,239
396,/m/09b1k,Walt Disney World,72,225
402,/m/01lgkm,Recreational vehicle,110,243
400,/m/0c_jw,Furniture,175,244
398,/m/05zmb,Parachuting,132,240
401,/m/0404d,Jewellery,153,249
405,/m/037b28,Sakura Haruno,140,248
406,/m/06l8d,Restaurant,141,233
410,/m/01b7fy,Headphones,180,248
408,/m/04_bsf,Wheelie,152,239
416,/m/02_58j,Bedroom,108,249
415,/m/01h80k,Muscle car,151,235
419,/m/06cnp,River,182,236
422,/m/047fr,Knitting,184,244
414,/m/014mnd,Circus,157,240
421,/m/01vfsf,Guitar amplifier,198,242
424,/m/03c3vj4,PlayStation,135,245
429,/m/07tf8,University,76,235
418,/m/034wh,Graffiti,168,250
427,/m/0hm03,Trail,188,231
434,/m/0bt_c3,Book,176,247
428,/m/01h6d4,Camping,93,246
435,/m/06vmrv,Lego minifigure,199,248
430,/m/01h5q0,Indian cuisine,88,217
441,/m/015w6q,Barbie,113,241
439,/m/01bjxx,Camera lens,135,249
437,/m/0bs_x,Dodge,118,213
443,/m/0gvrl5w,Go-kart,169,239
440,/m/0d_fj,Hockey puck,182,245
442,/m/01hp05,Thomas the Tank Engine,149,245
445,/m/0cnz5pd,Monster High,175,247
446,/m/08854,Yacht,123,237
448,/m/0f7kfd,Auto Race (Japanese sport),168,243
454,/m/04f20t,Digital single-lens reflex camera,187,244
444,/m/07_lq,Vegetarian cuisine,161,223
453,/m/01bgsw,Toddler,159,242
455,/m/0qffzrl,Xbox (console),84,248
451,/m/07tn5,Unidentified flying object,53,225
452,/m/02nnq5,Longboard (skateboard),201,245
458,/m/019qw9,Convertible,153,226
460,/m/04mtl,Lamborghini,157,213
465,/m/0c1tlg,Quadcopter,127,248
457,/m/01_pxf,Honda Civic,42,224
463,/m/0gv1x,Parrot,180,246
462,/m/01tv9,Cream,90,242
461,/m/01m4t,Printer (computing),129,244
464,/m/0h9mv,Tire,191,244
469,/m/0h5wwjv,,86,177
468,/m/05qc_,Planet,118,240
472,/m/0grw1,Salad,79,242
473,/m/0hsrw,Sailboat,132,237
471,/m/06w58cc,Sony Xperia,156,231
475,/m/0g2bc,Unmanned aerial vehicle,146,245
474,/m/01tq2l,Cruise ship,111,233
477,/m/0983v,Barbecue,134,249
485,/m/0c3ynbd,Stitch (textile arts),159,249
491,/m/06__v,Snowboard,177,243
488,/m/0q56v,Game controller,157,248
482,/m/0h1j7,Paragliding,140,241
490,/m/0db10c,Mud bogging,154,243
496,/m/0zd6,Macintosh,30,243
494,/m/05tfch,Road bicycle racing,158,248
483,/m/09728,Bread,84,249
495,/m/083wq,Wheel,178,245
493,/m/01hzl4,Wig,76,228
507,/m/015zzv,Runway,168,249
501,/m/0cyfs,Parachute,126,244
499,/m/03vt0,Insect,155,243
503,/m/028mzr,Hair coloring,51,249
498,/m/0c5mq,Printing,80,241
514,/m/01j2bj,Bathroom,103,248
504,/m/0h6jq73,IPhone 4S,88,204
502,/m/01xq0k1,Cattle,198,248
506,/m/05vtc,Potato,108,238
508,/m/0h2r6,Van,148,229
511,/m/0838f,Water,143,247
527,/m/01tn_k,Play-Doh,163,240
526,/m/0cmvn,Kinder Surprise,118,244
532,/m/02cp5,Dragon,157,248
513,/m/018wwb,Volkswagen Golf,79,226
519,/m/012v4j,Hiking,87,248
525,/m/012ndj,Fire engine,180,248
518,/m/027g6wt,Santa Claus,123,250
528,/m/0dxlf,Grilling,85,244
522,/m/02r60,Elevator,169,241
523,/m/09xp_,Cricket,167,245
535,/m/05zxk,PlayStation (console),78,243
539,/m/0326g,Flamenco,63,199
540,/m/06wyv,Steam engine,151,233
533,/m/096mb,Lion,148,248
521,/m/03bxt6z,Runway (fashion),190,249
541,/m/0605m,Plough,185,246
547,/m/0jp31,Sail,161,245
550,/m/018j2,Banjo,184,247
544,/m/01x3jk,Snowmobile,186,249
549,/m/0cqvj,Bass (fish),81,234
551,/m/03qjg,Harmonica,153,248
554,/m/0gg4gh4,IPhone 5,112,217
543,/m/01z1m1x,Soup,62,245
548,/m/04p746,Squat (exercise),55,248
557,/m/013s93,T-shirt,152,240
560,/m/0dxn2,Roasting,46,250
552,/m/06bgw,Quartet,153,248
559,/m/09759,Rice,73,245
563,/m/015k42,Renault,110,190
565,/m/07c6l,Trombone,168,244
567,/m/03_163,Barbell,182,240
555,/m/06bt6,Reptile,183,245
576,/m/021mn,Cookie,46,247
568,/m/02gnkg,Ryu (Street Fighter),106,248
564,/m/0663v,Pizza,81,248
573,/m/03hcy1d,,99,191
581,/m/0h9qh,Monster,75,247
580,/m/02dgv,Door,124,242
572,/m/0grqz,Sauce,49,242
571,/m/04h4w,Lake,154,235
584,/m/01m2v,Computer keyboard,146,249
590,/m/0fqq_84,PlayStation Vita,111,241
585,/m/01wy6,Clarinet,189,244
587,/m/01dyf7,Sora (Kingdom Hearts),170,240
588,/m/02522,Computer monitor,124,234
592,/m/02lx2r,Album,75,235
598,/m/01d30f,Teacher,110,221
597,/m/06ypr,Sailor Moon,163,245
599,/m/01bfwv,Mixing console,174,248
603,/m/0cnyhnx,Bull,185,249
600,/m/0309bs,Card manipulation,168,239
604,/m/07pbfj,Fish as food,135,246
605,/m/01nkt,Cheese,59,244
614,/m/03d2wd,Dining room,97,244
602,/m/0137k8,Boeing 737,90,228
610,/m/0h1z6f,Lego Star Wars,192,243
608,/m/0dmpm,Moped,157,245
611,/m/05r1j,Poker,167,249
612,/m/01dv4h,Portrait,186,234
613,/m/0kzwm,Luigi,137,249
617,/m/02_39h,Asus,137,211
620,/m/01yg9g,Lawn mower,152,242
607,/m/015ll,Board game,139,243
624,/m/07j87,Tomato,94,234
627,/m/01s6cj,Lip gloss,72,244
625,/m/01z1kdw,Juice,77,244
631,/m/0158_5,Cockpit,174,247
629,/m/01lr2,Central processing unit,107,239
638,/m/0hg7b,Microphone,123,249
632,/m/03j1ly,Emergency vehicle,176,231
634,/m/01814z,Bodyboarding,162,247
644,/m/0ck7l,Ninja,93,235
641,/m/04bcr3,Table (furniture),166,247
642,/m/03vtj,Ice,175,249
646,/m/01b82r,Saw,143,245
652,/m/0174k2,Washing machine,150,244
647,/m/057ph,Mickey Mouse,118,237
637,/m/0cxn2,Ice cream,80,245
661,/m/0569zg,Beauty salon,179,242
635,/m/02j71,Earth,89,242
658,/m/0bx_y3w,Television set,174,247
648,/m/080hkjn,Handbag,165,249
663,/m/07yjb,Vampire,41,240
668,/m/0by6g,Shark,121,237
664,/m/039r_,Gliding,152,239
656,/m/0hx2x,Dune buggy,178,244
666,/m/09d_r,Mountain,191,248
671,/m/0192l,Bagpipes,180,250
683,/m/02qm2x,Icing (food),101,248
675,/m/018lrm,Arena,153,233
669,/m/0j2kx,Waterfall,148,246
676,/m/0c0bg9c,IPhone 4,103,209
667,/m/06mb1,Rain,117,246
691,/m/02pl1rd,Nissan GT-R,94,220
685,/m/0d38m,Marathon,130,249
673,/m/03qzgq,Rock climbing,170,250
688,/m/01j51,Balloon,190,241
702,/m/03hjsy,Mercedes-AMG,123,224
684,/m/0hn9pm7,Google Nexus,115,228
679,/m/0hr1s_w,Curry,59,247
694,/m/063w2,Pencil,162,244
686,/m/09kx5,Deer,154,249
689,/m/0dgrmp,Goalkeeper (association football),186,247
680,/m/05z55,Pasta,75,248
693,/m/04d__1z,Fishing bait,125,250
703,/m/03l34,Hard disk drive,85,245
697,/m/049d8b,Computer case,157,241
698,/m/03k26d,Stretching,171,250
692,/m/0mfnf,Noodle,109,249
705,/m/03krj,Handball,148,247
706,/m/04r40,Land Rover,82,160
712,/m/01c0z,Battery (electricity),142,246
711,/m/01g8dv,Chevrolet Corvette,99,223
709,/m/01dws,Bear,164,239
710,/m/047vmg8,Rim (wheel),194,250
726,/m/01sfl,Clown,176,250
713,/m/04zpv,Milk,95,236
721,/m/023cbk,Cargo,191,242
720,/m/053wn,Maize,98,236
715,/m/03v0xl,BMW M3,73,218
717,/m/04wv_,Moon,103,228
730,/m/04_x4,Money,133,249
728,/m/03p1r4,Cupcake,91,248
723,/m/01h3n,Bee,134,240
716,/m/05fc9mj,Christmas decoration,188,244
722,/m/03mb156,Headset (audio),186,249
718,/m/0j9k952,Microsoft Lumia,143,232
732,/m/015m2,Bead,159,243
724,/m/0zvk5,Helmet,199,247
736,/m/09tzjm,MacBook,94,237
725,/m/07vwy6,Street art,182,244
742,/m/03mn0k,Jeep Wrangler,105,229
727,/m/07j2f,Tattoo,168,245
735,/m/0409cr_,Optimus Prime,87,244
740,/m/0ft5b,Pachinko,132,220
748,/m/0llzx,Sewing machine,184,250
738,/m/0k_8p,Bowser (character),60,245
746,/m/01wt5r,Water park,121,229
751,/m/01knyw,Silage,189,240
749,/m/01599,Beer,90,232
752,/m/06nwz,Seafood,143,237
754,/m/03m5k,Harp,199,244
760,/m/01bdy,Bowling,188,249
763,/m/01ln6f,Washing,156,247
756,/m/0hf35,Volkswagen Beetle,108,237
758,/m/0jgf9,BlackBerry,145,225
766,/m/01b638,Boot,169,249
764,/m/0k5c3,Mermaid,88,237
757,/m/0h5wp8d,,98,217
780,/m/01v50j,Crane (machine),181,246
767,/m/0dxr0,Stir frying,122,246
769,/m/05z6w,Penguin,163,245
771,/m/024g6,Cocktail,88,216
786,/m/0w_ghcf,IPhone 5S,118,214
785,/m/015z8s,Airbus A320 family,74,203
781,/m/025v24r,Updo,78,243
787,/m/018ktp,Watercolor painting,153,243
778,/m/07zm_g,Tractor pulling,89,245
783,/m/01v327,Lawn,138,249
792,/m/02lvs2,Subaru Impreza,93,212
791,/m/029bxz,Oven,84,249
795,/m/07608d,Carl Johnson (Grand Theft Auto),86,224
788,/m/01dhjg,Ten-pin bowling,181,237
805,/m/04c5wj,Reef aquarium,168,240
802,/m/031sx9,Batting (cricket),128,250
801,/m/01vnb,Comic book,129,248
793,/m/065qh,Porsche 911,92,230
796,/m/0km5c,German Shepherd,178,245
804,/m/02qvql,Mower,192,248
803,/m/07kfm,Tram,146,231
797,/m/09dzg,Turtle,176,245
814,/m/02r_57s,Cake decorating,125,245
813,/m/0cdn1,Hamburger,87,239
789,/m/09ddx,Duck,124,228
808,/m/06wc7ym,Lego City,194,237
818,/m/0d31p,Vacuum cleaner,182,246
816,/m/015j7,Bible,30,188
817,/m/0gm28,Candy,115,244
811,/m/01z9v6,Pitcher,163,235
820,/m/0cj6x,Sowing,115,241
826,/m/0532x8,Digimon,177,230
829,/m/0l515,Sandwich,83,248
824,/m/0242l,Coin,127,249
821,/m/06hyd,Roof,134,243
825,/m/01j61q,Tent,202,250
822,/m/0f_h9h,Donkey Kong,169,248
835,/m/016676,Aerobics,186,248
833,/m/01399x,Pipe organ,139,228
843,/m/0174nj,Gramophone record,188,230
823,/m/0cqpb,Trout,74,233
827,/m/0250x,Costume,118,245
830,/m/02mtys,BMW 3 Series,70,208
832,/m/02_444,Trampoline,182,244
837,/m/020rfd,Supermoto,128,233
852,/m/0m8_b,Boeing 777,115,235
844,/m/03wl_x,Gundam (mobile suit),169,244
841,/m/02m6x0,Mitsubishi Lancer Evolution,93,219
812,/m/0cjyh2,Dance studio,119,244
847,/m/0bzwl,Teenage Mutant Ninja Turtles,155,244
862,/m/06mf6,Rabbit,175,250
869,/m/0hv6w,Logging,181,248
860,/m/0395lw,Bell,197,250
838,/m/0403lcy,Netbook,132,229
870,/m/0hchp,String quartet,143,248
846,/m/07k4r,Tai chi,165,237
858,/m/0280wht,Smartwatch,171,243
854,/m/01gt7,Boeing 747,116,223
880,/m/0ggbcny,IPad 2,99,207
876,/m/02ppnm,Stove,132,244
857,/m/01ft5b,Kindergarten,113,231
859,/m/020lf,Computer mouse,157,245
877,/m/081qc,Wine,126,227
871,/m/015kr,Bridge,169,250
855,/m/03wjyj,Simba,186,247
875,/m/01x3z,Clock,146,249
861,/m/09cmq,Museum,129,239
867,/m/013992,Lathe,148,233
892,/m/0grtl,Steak,152,244
898,/m/02jzr,Easter egg,81,248
888,/m/09w1n,Alpine skiing,151,237
884,/m/04969,Kick,122,250
887,/m/0syjz,Video card,91,244
891,/m/02kyqy,Roadster (automobile),149,225
906,/m/0d10d,Largemouth bass,95,233
900,/m/0zt90qx,Yo-kai Watch,110,240
878,/m/01j_h3,Subaru,121,189
885,/m/01t2ln,Police officer,142,242
883,/m/04dr76w,Bottle,183,250
901,/m/084bl,Wakeboarding,186,245
903,/m/07gyp7,McDonald's,92,247
907,/m/01h7tx,Roller skating,148,249
930,/m/0frq6,Pork,74,190
897,/m/07rgn,Hulk (comics),96,241
914,/m/09tzfp,MacBook Pro,106,238
917,/m/02fbcn,Bartender,182,236
910,/m/0dwsp,Marimba,176,247
905,/m/0362v5,Chopper (motorcycle),154,233
909,/m/032b3c,Jacket,198,247
933,/m/03nwsj,Hair iron,111,246
932,/m/01kr41,Mask,136,249
922,/m/02p8p45,Itachi Uchiha,141,231
913,/m/03n0sf,Afro,184,243
923,/m/028c4_,Hot rod,126,234
931,/m/0fg_n,Shampoo,62,227
911,/m/025nd,Christmas tree,140,245
937,/m/0892cv,Battery charger,166,235
918,/m/06b1q,Quarterback,148,241
955,/m/03p6y5,Nissan Skyline,90,228
915,/m/01j90l,Booster pack,183,239
944,/m/026nrxk,Marriage proposal,59,241
952,/m/01mzpv,Chair,156,249
945,/m/08c7kb,Fingerboard (skateboard),188,250
948,/m/05gk5c,Bowling ball,199,250
946,/m/01gllr,Beehive,152,247
970,/m/04rzd,Mandolin,186,236
974,/m/06f76,Router (computing),68,248
958,/m/02zt3,Kite,122,236
925,/m/01kf53,Freeza,95,244
979,/m/04n7g,Lexus,147,194
942,/m/02x7rh,Muffler,145,246
965,/m/05256q_,Glider (sailplane),191,238
975,/m/05vq_d,Yamaha YZF-R1,73,230
950,/m/05f5g1r,Artificial nails,107,224
982,/m/01j4z9,Chainsaw,161,248
940,/m/0crdwmb,Kawasaki motorcycles,118,214
973,/m/02bl6q,Ash Ketchum,138,249
962,/m/09rvcxw,Rocket,116,239
972,/m/023q2z,Cinema 4D,169,241
957,/m/05hp41,Car wash,165,248
984,/m/02qfx,Embroidery,128,248
983,/m/039b5,Galaxy,102,245
964,/m/084zz,Whale,147,240
1007,/m/04blr,Knot,164,245
971,/m/015zny,Metal detector,129,242
981,/m/03qrc,Hamster,152,247
954,/m/09nyy,Juggling,139,250
993,/m/01d380,Drill,137,248
991,/m/09777,Salmon,68,242
996,/m/026pc7x,Torte,78,241
1005,/m/0hf2p,Mini,107,209
1015,/m/05wn0,Pump,112,243
1009,/m/0jb2l,Thunderstorm,84,247
995,/m/03hfn0,Backpacking (wilderness),71,250
986,/m/02chd9,Brush,175,249
1000,/m/0hcjm,Brake,97,243
985,/m/03wb2z,Suite (hotel),98,220
980,/m/05hhmd,Ollie (skateboarding),172,249
1016,/m/07fbm7,Strawberry,97,239
1011,/m/058hry,Smoothie,63,238
999,/m/02hq_z,Hot Wheels,87,183
1002,/m/07_9_,Volcano,110,244
994,/m/0k1tl,Pen,168,247
1013,/m/020ys5,Condominium,109,247
1010,/m/025t6n0,Video camera,145,248
992,/m/0d4v4,Window,103,246
1008,/m/01h4t2,Tails (character),88,248
1036,/m/01rmm7,Laser lighting display,190,245
1025,/m/021w6f,Tile,165,245
1012,/m/03p66g,Crossover (automobile),138,210
990,/m/02hj4,Dolphin,124,234
1037,/m/01llwg,Necklace,104,248
1040,/m/046d80l,Mini (marque),106,225
1031,/m/0g53cct,Lamborghini Aventador,151,240
1019,/m/07nvf,Tarot,156,206
1052,/m/022pgh,Electric locomotive,150,232
1001,/m/07m2y,Tuba,170,248
1055,/m/0ph39,Canoe,175,248
1032,/m/05zpvls,Carp fishing,63,245
1069,/m/0q593,Dietary supplement,135,234
1058,/m/01nz0z,Bar,172,234
1014,/m/0284w,Desert,197,240
1023,/m/0dccjy,Lightning McQueen,130,249
1030,/m/09xp2,Sailor Moon (character),189,249
1061,/m/025rs2z,Gold,103,228
1035,/m/04qvtq,Police car,171,247
1034,/m/09qck,Banana,121,248
1053,/m/05rd2s,Street racing,68,237
1045,/m/0mjqn,Pie,29,248
1046,/m/060d2,President of the United States,165,247
1067,/m/015l7,Beadwork,163,244
1060,/m/0m95s,Lace,81,250
1049,/m/02pjr4,Blender,195,249
1056,/m/03gzqq,Golf club,201,249
1074,/m/06ngk,Star,134,244
1066,/m/066858v,IPhone 3GS,52,219
1044,/m/029tx,Dinosaur,178,245
1038,/m/0h5xl4x,,115,194
1073,/m/032wfk,Road racing,186,250
1077,/m/09dh0,Seed,56,248
1068,/m/01xs30,Personal water craft,186,245
1057,/m/07bgp,Sheep,157,245
1072,/m/04zlcx,French braid,132,242
1104,/m/02q9ddz,Eyelash extensions,133,240
1083,/m/02jmwz,Honda CBR series,81,207
1089,/m/0h9627p,Ski-Doo,70,167
1087,/m/027qpg5,Ford Focus,71,234
1099,/m/02ll1_,Lock (security device),176,244
1076,/m/078jl,Snake,162,250
1086,/m/03kpnc,Glitter,158,247
1098,/m/068zj,Pig,134,245
1094,/m/0h_cn_1,Samsung Galaxy S III,169,224
1095,/m/0jyfg,Glasses,163,243
1096,/m/09y2k2,Italian cuisine,78,204
1101,/m/02_pk7,Military parade,173,243
1107,/m/01yvs,Coca-Cola,102,245
1105,/m/09l0j_,Ring (jewellery),132,248
1117,/m/0fly7,Jeans,175,246
1093,/m/0xnnv15,Rainbow Loom,146,180
1106,/m/057gn,Minivan,146,215
1122,/m/01k3tq,Bulldog,188,243
1119,/m/01nrwb,Pikachu,152,245
1103,/m/026bm66,Pull-up (exercise),76,245
1128,/m/07l5g,Turbine,95,243
1120,/m/06m_p,Sun,108,233
1126,/m/014j1m,Apple,111,237
1102,/m/0bwd_0j,Elephant,153,245
1115,/m/042ck,Japanese cuisine,78,155
1124,/m/06psh,Škoda Auto,118,188
1123,/m/0lyf_,Greenhouse,138,243
1131,/m/0dq6p,VHS,39,247
1136,/m/07030,Sushi,98,243
1144,/m/03jqf3,Chevrolet Silverado,61,222
1121,/m/0184rb,Pond,130,232
1137,/m/03nzg,Home run,47,230
1132,/m/0cl19h,Ariel (Disney),134,239
1133,/m/06msq,Sculpture,130,248
1157,/m/01tqs1,Biscuit,65,248
1134,/m/01tkqg,Bulldozer,185,245
1143,/m/0pk35,Lightsaber,181,250
1159,/m/05jh_c,Spa,76,239
1164,/m/018rl2,Airbus A380,100,216
1155,/m/080npq6,Ram Trucks,80,188
1142,/m/0768fx,Automotive lighting,190,244
1150,/m/01t46s,Akuma (Street Fighter),58,244
1148,/m/09g1w,Toilet,119,247
1161,/m/02zrvn,Demolition,147,245
1165,/m/01dwwc,Pancake,71,250
1147,/m/06y5r,Sword,178,243
1162,/m/015zbk,Airbus A330,87,213
1152,/m/03ssj5,Bed,143,248
1174,/m/03fwl,Goat,158,242
1160,/m/0gfjk95,Samsung Galaxy S II,154,239
1166,/m/027rsld,Kawasaki Ninja,132,235
1190,/m/0k5mc,Minnie Mouse,126,236
1175,/m/04p0xr,Pool (cue sports),158,249
1167,/m/047ptj,Mitsubishi Lancer,108,213
1156,/m/020t4k,Stuffing,55,246
1180,/m/0r8kzgd,Samsung Galaxy S4,176,243
1171,/m/09g5h,Spacecraft,119,232
1179,/m/06yzz,,93,223
1172,/m/0dwx7,Logo,162,247
1186,/m/05zsy,Pumpkin,135,244
1188,/m/06m11,Rose,166,248
1201,/m/079dl7,Chocolate cake,75,247
1177,/m/07jxly,Majin Boo,113,250
1208,/m/05hmbl,Princess,154,241
1183,/m/08pbxl,Monkey,168,249
1189,/m/023ls,Cola,113,242
1192,/m/01xs3r,Jet Ski,152,193
1209,/m/05xnqg,Street food,130,237
1214,/m/01qh13,Toyota Land Cruiser,104,230
1197,/m/06bzjv,Minibike,180,238
1168,/m/052sf,Mushroom,141,247
1202,/m/03mnql,Ford F-Series,119,207
1205,/m/046vnp,Dump truck,170,250
1203,/m/0fw68,Soap,70,242
1199,/m/0490jd,Art exhibition,127,245
1219,/m/03lfs8,BMW 3 Series (E36),116,223
1217,/m/03qr_q,Ferrari F430,113,228
1187,/m/025s8bs,Shopping mall,136,244
1206,/m/03bj1,Giant panda,185,245
1210,/m/01kb5b,Flashlight,137,243
1241,/m/01v2xz,Clothes dryer,154,236
1221,/m/04h8sr,Dumbbell,157,245
1218,/m/01mq7d,Cell (Dragon Ball),112,239
1223,/m/02pvw62,Bodyweight exercise,180,249
1236,/m/06jvx,Recorder (musical instrument),168,244
1212,/m/02gy5l,Pilates,181,240
1237,/m/01r546,Earring,105,245
1195,/m/01jk5b,Prom,47,226
1216,/m/037qhc,Jumbotron,31,249
1247,/m/03dj64,Black cat,151,248
1234,/m/02vmgp,K-1,130,179
1240,/m/03v28z,Audi R8,110,232
1257,/m/0chyh,Butter,46,243
1224,/m/02bp2r,Penalty kick (association football),138,248
1243,/m/025sf8x,Silver,96,213
1259,/m/0f5v7,Hello Kitty,171,250
1242,/m/01s5xt,Military band,180,242
1282,/m/02syy5,Volkswagen Gol,74,225
1222,/m/0q3yyx6,Samsung Galaxy Tab series,172,230
1254,/m/0dxnx,Smoking (cooking),52,248
1227,/m/02gq41,Bionicle,165,232
1235,/m/023fm_,Acer Inc.,91,227
1269,/m/0n3s_98,IPad Mini,153,231
1258,/m/01lb5,Chess,175,249
1290,/m/04nkpf,Paramotor,161,239
1275,/m/03knc5,Bugatti Veyron,119,228
1262,/m/02nxhr,Blu-ray,73,228
1252,/m/03nlf2w,Electric car,100,200
1248,/m/02h19r,Scarf,150,242
1272,/m/018220,Bull riding,103,245
1246,/m/0_1j0mp,Samsung Galaxy S5,164,243
1225,/m/04m9y,Lizard,159,243
1245,/m/04hyxm,Classroom,166,237
1277,/m/01g0g,Brick,169,250
1298,/m/0xmf42g,,104,190
1288,/m/0hy7s,Alarm device,90,236
1271,/m/02hrx1,Inflatable boat,171,230
1265,/m/0fx9l,Microwave oven,118,250
1286,/m/01n4qj,Shirt,116,248
1260,/m/03fj2,Goldfish,146,246
1266,/m/0cy27,Range Rover,93,200
1296,/m/064krrv,Kinect,40,246
1280,/m/07wg3,United States Navy,81,194
1285,/m/01sgwn,Logitech,90,198
1293,/m/02y5kn,Coach (sport),135,210
1276,/m/01pfn_,Airbrush,117,240
1287,/m/01t032,Golden Retriever,173,240
1289,/m/01hzss,Water slide,172,246
1261,/m/0fj52s,Carrot,150,248
1264,/m/03dk1w,Balloon (aeronautics),190,250
1295,/m/01p970,Tabla,168,244
1291,/m/06dbhw,Fondant icing,142,245
1283,/m/0q5js,Yo-yo,201,248
1311,/m/01ng72,Metalworking,168,248
1303,/m/0kzzb,Yoshi,137,246
1330,/m/024y62,Mercedes-Benz C-Class,81,226
1315,/m/03zm9p,Yuna (Final Fantasy),162,241
1300,/m/0m8q5,Quilt,143,249
1333,/m/02mv6p,Magic Kingdom,127,230
1307,/m/03lfsn,BMW 3 Series (E46),104,233
1325,/m/03yhk,Ink,92,242
1334,/m/026dd,Dune,171,237
1316,/m/016gvg,Station wagon,105,235
1314,/m/09sdbh,Luxury yacht,160,238
1317,/m/0kw94,Softball,168,241
1310,/m/0btp2,Traffic,174,250
1329,/m/0qjjc,Remote control,126,245
1324,/m/03lfqt,BMW 3 Series (E30),122,232
1339,/m/03xvyz,Ram Pickup,108,207
1346,/m/01n5cy,Carpet,158,246
1342,/m/09cws,Mars,52,185
1352,/m/0h61x,Cadillac,128,192
1321,/m/0hr3kdx,LG Optimus series,160,234
1376,/m/01kr58,Torero,174,249
1366,/m/01jpn4,Grocery store,123,249
1308,/m/07dm6,Tiger,141,247
1345,/m/0dv3zf,Game Boy,47,243
1348,/m/0l3ms,Balance beam,139,239
1386,/m/02r5gpq,Chrysler (brand),102,189
1383,/m/01pww0,Chevrolet Impala,85,220
1372,/m/022hnr,Volvo Cars,106,179
1367,/m/0bcj4x,Reborn doll,186,246
1400,/m/01tprb,Hula hoop,189,250
1382,/m/01_tv0,Honda Accord,86,238
1375,/m/023s_v,USB flash drive,48,250
1392,/m/0hsrd,Sailing ship,150,246
1380,/m/06fn44,Serve (tennis),94,246
1371,/m/012x34,Jaguar Cars,145,212
1393,/m/0162j4,Rafting,172,234
1389,/m/01h6g_,Campsite,85,248
1353,/m/0gy7v,Guinea pig,171,248
1387,/m/027cfwk,Standup paddleboarding,175,246
1374,/m/0h545,Homer Simpson,171,238
1379,/m/0b6w2z,Buttercream,99,239
1381,/m/06zk0jm,Ferrari 458,111,219
1359,/m/0x44,Armour,152,245
1360,/m/04rmv,Mouse,176,243
1396,/m/06f41,Rowing (sport),196,243
1399,/m/04dvgq,BMW M5,101,221
1365,/m/02k5x1,Rubber band,196,249
1424,/m/020yd1,Medal,43,245
1373,/m/09zf31,Jeep Cherokee (SJ),114,227
1411,/m/02czv8,Birthday cake,107,187
1401,/m/0gfk5,Pinball,192,247
1397,/m/046fv7,Jeep Grand Cherokee,95,222
1395,/m/0c4ykp,Belle (Disney),106,245
1412,/m/06xxq1,Suzuki Jimny,95,224
1394,/m/06kk62,Custom car,98,202
1368,/m/02s4nd,Ford GT,62,215
1423,/m/01fyrh,Downhill,181,244
1391,/m/030qmx,Audi A4,59,229
1435,/m/0371pr,Toyota Corolla,48,228
1409,/m/01r8w,Cave,161,242
1443,/m/02f9f_,Shower,72,249
1402,/m/0772h,Spaghetti,72,245
1425,/m/02cv4w,Garbage truck,199,249
1415,/m/01k695,Fisherman,179,238
1421,/m/03c4j,Gemstone,152,248
1426,/m/06jsbh,Forehand,137,247
1433,/m/01r4c6,Lowrider,179,231
1420,/m/012tl7,Supercharger,57,228
1452,/m/0dr47,Mexican Creole hairless pig,98,232
1436,/m/02f6d7,Ford Fiesta,107,235
1430,/m/0htp,Astronaut,108,235
1408,/m/0dffp,Router (woodworking),144,247
1458,/m/0dnnl,Bowling (cricket),127,250
1429,/m/0h5wtp0,,76,208
1453,/m/01jfkf,Forklift,168,248
1454,/m/0290t8,Dog agility,137,249
1447,/m/096x1p,Porsche 911 GT3,106,222
1472,/m/01qp5w,Volkswagen Jetta,84,234
1486,/m/0pwdp,Border Collie,193,238
1468,/m/07f533,Nike Air Max,150,233
1461,/m/05kms,Oboe,175,246
1467,/m/05j62p,Fire station,92,241
1484,/m/01frm,Bugatti Automobiles,131,222
1457,/m/0c06p,Candle,149,245
1444,/m/02gln,Donald Duck,141,243
1450,/m/09k_b,Lemon,95,247
1451,/m/09ld4,Frog,137,245
1459,/m/090f96,Kick (football),138,250
1462,/m/0dvvc,Desktop computer,147,242
1449,/m/0142vg,Sled,95,245
1476,/m/03gvt,Hammond organ,186,245
1470,/m/043wfx,Woodturning,153,236
1471,/m/03tw93,Fireplace,156,240
1498,/m/03ryg4,Audi Quattro,72,230
1488,/m/0369bv,Snow blower,168,242
1442,/m/09j06,Hot air balloon,170,243
1480,/m/01wh_8,Cherry blossom,192,242
1456,/m/03xr42,Shelby Mustang,121,218
1466,/m/09csl,Eagle,195,242
1505,/m/02jfdl,Coupon,84,249
1517,/m/02dl1y,Hat,167,249
1464,/m/013_1c,Statue,181,250
1503,/m/0fwy6j,Fishing tackle,180,249
1490,/m/02k51s,Ken Masters,92,249
1519,/m/017dmf,Nissan Skyline GT-R,142,242
1481,/m/02bp6,Doraemon,141,249
1493,/m/02h661t,Dentist,116,227
1463,/m/084rw,Wing Chun,148,219
1532,/m/06mfp,Rooster,172,239
1487,/m/0xsc,Aircraft carrier,132,238
1501,/m/09gms,Ramen,83,231
1500,/m/026_x9,Ponytail,103,244
1495,/m/044fq,Joystick,196,249
1509,/m/02_vjy,Wallet,154,245
1535,/m/03llrw,Land Rover Defender,126,226
1506,/m/0118wtzb,Porsche Carrera,147,222
1521,/m/0f0w2,GameCube,44,247
1580,/m/09kmb,Spider,172,248
1540,/m/0jy4k,Doughnut,81,250
1502,/m/03qyv,Hummer,140,227
1520,/m/055z7,Mattel,80,204
1496,/m/0cj45,Tuna,49,235
1569,/m/014y4n,Paddle,180,250
1515,/m/041kzs,Biceps curl,128,248
1489,/m/07qn8g,Culinary art,64,248
1507,/m/01p9z0,Wood carving,143,248
1527,/m/03clgym,Hair straightening,78,249
1545,/m/033xrl,Raven (comics),142,244
1560,/m/0cyhj_,Orange (fruit),171,246
1510,/m/040b_t,Refrigerator,125,249
1514,/m/0dj75,Onion,100,243
1526,/m/04bmk,Killer whale,147,225
1594,/m/0p72t,Elmo,156,245
1511,/m/04g07,Koi,135,241
1572,/m/0w_gj2_,IPhone 5C,85,227
1548,/m/0jtt9,Chili pepper,84,250
1584,/m/012x6l,Laundry,129,241
1556,/m/01s77c,Ribbon,189,249
1588,/m/016bn0,Omelette,79,240
1628,/m/04x0p8,Toyota Hilux,117,219
1555,/m/04mcry,Model building,115,240
1568,/m/0g5rv45,Lego Ninjago,164,233
1550,/m/03rby,Hail,152,248
1622,/m/0226ny,Pontiac Firebird,119,216
1563,/m/03lnt,Hang gliding,164,246
1603,/m/026smn,Airport terminal,135,233
1616,/m/04vv5k,Snowplow,181,247
1576,/m/0n28_,Crab,132,242
1549,/m/02mjpr,BMW 5 Series,111,228
1537,/m/07mhn,Trousers,127,242
1593,/m/07clx,Tea,98,240
1618,/m/01rk30,Doctor Eggman,46,249
1645,/m/0crf4xx,Projector,101,247
1624,/m/02y74,Field hockey,197,244
1617,/m/074d1,Submarine,126,246
1634,/m/0bp6j,Screen printing,95,242
1595,/m/0cx45,Temple,138,240
1597,/m/01bvgh,Catamaran,118,231
1590,/m/06xjy_,Ford Escort (Europe),92,223
1632,/m/01bw2t,Lamborghini Murciélago,129,238
1575,/m/0d3s4,Carburetor,102,215
1559,/m/0fnrbc,Solar panel,104,247
1625,/m/016btq,Vineyard,143,241
1615,/m/01cbzq,Rock (geology),189,246
1591,/m/0388q,Grape,104,248
1630,/m/067nv,Preacher,147,219
1608,/m/02crq1,Couch,152,246
1621,/m/099gjt,Yamaha YZF-R6,87,222
1589,/m/01c72t,Composer,73,241
1646,/m/01c08f,Rock dove,182,236
1643,/m/09702,Cappuccino,51,228
1652,/m/02mtw0,Mehndi,118,250
1627,/m/02wvb9t,Domestic pigeon,178,235
1611,/m/03kwkn,Big wave surfing,178,249
1626,/m/0bh_4v,Waterfowl hunting,92,231
1613,/m/09696,Wheat,137,232
1639,/m/03154,Fungus,164,244
1655,/m/06g1w2,Pattern (sewing),168,248
1620,/m/0gjxqj,Bangs (hair),117,250
1602,/m/01ypbj,Chevrolet Chevelle,99,227
1651,/m/01nfrr,Vending machine,81,243
1653,/m/0h2t9w,Telescope,56,241
1669,/m/020sqh,Opel Astra,81,225
1638,/m/02zkn_,Log cabin,146,234
1696,/m/0g2zmg,Saddle,160,247
1649,/m/01yz9d,Digital video recorder,71,245
1675,/m/06qrr,Soft drink,144,236
1660,/m/0cpk7,Incandescent light bulb,82,244
1683,/m/05msttc,Mercedes-Benz SLS AMG,137,239
1666,/m/0m739,Nest,186,248
1671,/m/0g9vs81,Cooked rice,83,245
1703,/m/08_w9r,Child safety seat,197,245
1716,/m/01b7b,Bishop,123,229
1637,/m/017ftj,Sunglasses,167,246
1672,/m/01tcjp,Muffin,77,244
1676,/m/024d2,Calculator,173,244
1692,/m/0hn8p41,Toyota 86,70,226
1711,/m/01nw62,Rottweiler,192,239
1680,/m/02fj9,Destroyer,144,240
1641,/m/03120,Flag,163,247
1688,/m/019xd,Battleship,175,243
1708,/m/03lftc,BMW 3 Series (E90),70,218
1704,/m/03182j,Honda S2000,83,220
1690,/m/0267l4m,Peter Pan,60,235
1674,/m/0cl4p,Hedgehog,119,244
1718,/m/0kzzv,Princess Peach,99,235
1699,/m/064hlh,Bumblebee (Transformers),127,249
1723,/m/03wtdq,Nissan Silvia,99,221
1756,/m/01jtn,Body piercing,133,241
1700,/m/02_7fj,Cajón,204,250
1662,/m/03r8dh,Greeting card,110,223
1715,/m/0d090l,TV4 (Sweden),149,201
1657,/m/03m9mv,Nissan 350Z,109,222
1733,/m/02kcj6,Collie,187,234
1728,/m/03hl5pv,MacBook Air,88,221
1670,/m/02vmy_,Campervan,138,228
1712,/m/01rkbr,Necktie,110,249
1685,/m/0cqrj,Catfish,89,245
1724,/m/0h5_4p3,,93,183
1735,/m/02pbtnn,Sangokushi Taisen,146,231
1714,/m/02r0zt,White-tailed deer,124,220
1730,/m/0mbxw,IMac,151,243
1747,/m/024y9s,Mercedes-Benz S-Class,95,229
1656,/m/01lynh,Stairs,150,250
1737,/m/02gss8,Black belt (martial arts),175,236
1705,/m/0lqg9b2,Samsung Galaxy Note II,181,236
1693,/m/02wv6th,Bakery,121,247
1713,/m/01v1hk,Image scanner,93,246
1689,/m/030b_2,Dodge Challenger,133,238
1753,/m/016rh7,Spinach,114,235
1739,/m/080t7,Valve,113,249
1721,/m/0gl4gn,Fender Custom Shop,150,198
1725,/m/01b7zv,Pudding,53,239
1749,/m/07068,Samurai,88,237
1732,/m/0dgc3t,Automobile repair shop,152,235
1743,/m/0314n,Full moon,161,248
1731,/m/0v0hpxr,Space Shuttle,140,248
1767,/m/0pg52,Taxicab,122,232
1738,/m/0j72pxm,,71,175
1831,/m/016wkx,Pug,175,242
1771,/m/08l44y,Garage (residential),64,230
1726,/m/02rsbb,Sephiroth (Final Fantasy),129,236
1746,/m/01nr56,Latte,57,220
1776,/m/0j_2_6r,Primary school,65,224
1775,/m/0jnxw,Eintopf,76,245
1799,/m/0319l,French horn,141,241
1774,/m/01sjty,Honda Integra,50,231
1780,/m/03x5tj,GameSpot,169,242
1781,/m/0d5gx,Castle,117,246
1769,/m/01xf5,Clutch,103,236
1805,/m/02yvhj,School bus,98,231
1788,/m/05ngn6,Zero (Mega Man),171,235
1801,/m/07qsvx,Siamese fighting fish,149,243
